symbol,Name,Sector,Industry
GRPN,"Groupon, Inc.",Technology,Advertising
AGQ,Silver Double Bull,ETF,Silver
ORCL,Oracle Corporation,Technology,Computer Software
WLTGQ,Walter Energy,Energy,Coal
T,AT&T Inc.,Public Utilities,Telecommunications Equipment
BGCP,"BGC Partners, Inc.",Finance,Investment Bankers/Brokers/Service
TWTR,"Twitter, Inc.",Technology,Computer Software
DSW,DSW Inc.,Consumer Services,Clothing/Shoe/Accessory Stores
AXLL,Axiall Corporation,Basic Materials,Synthetics
MAT,"Mattel, Inc.",Consumer Non-Durables,Recreational Products/Toys
DWX,SPDR S&P International Dividend ETF,ETF,Dividend
WMT,"Wal-Mart Stores, Inc.",Consumer Services,Department/Specialty Retail Stores
LVS,Las Vegas Sands Corp.,Consumer Services,Hotels/Resorts
VLO,Valero Energy Corporation,Energy,Integrated oil Companies
CVX,Chevron Corporation,Energy,Integrated oil Companies
EPD,Enterprise Product Partners,Basic Materials,Oil
BBBY,Bed Bath & Beyond Inc.,Consumer Services,Home Furnishings
PFE,"Pfizer, Inc.",Health Care,Major Pharmaceuticals
USO,Oil,ETF,Oil
HES,Hess Corporation,Energy,Integrated oil Companies
JPM,J P Morgan Chase & Co,Finance,Major Banks
TIVO,TIVO,Consumer Services,Software
NGL,NGL Energy Partners,Basic Materials,Oil & Gas
VIAB,Viacom Inc.,Consumer Services,Television Services
BAC,Bank of America Corporation,Finance,Major Banks
BABA,Alibaba Group Holding Limited,Miscellaneous,Business Services
ESV,ENSCO plc,Energy,Oil & Gas Production
NBGGY,National Bank of Greece SA,Finance,Commercial Banks
SLV,Silver,ETF,Silver
V,Visa Inc.,Finance,Business Services
FINL,"The Finish Line, Inc.",Consumer Services,Clothing/Shoe/Accessory Stores
FHN,First Horizon National Corporation,Finance,Major Banks
FII,"Federated Investors, Inc.",Finance,Investment Managers
FIS,"Fidelity National Information Services, Inc.",Miscellaneous,Business Services
FISV,"Fiserv, Inc.",Technology,EDP Services
FITB,Fifth Third Bancorp,Finance,Major Banks
FFIV,"F5 Networks, Inc.",Technology,Computer Communications Equipment
FFG,"FBL Financial Group, Inc.",Finance,Life Insurance
FEIC,FEI Company,Capital Goods,Biotechnology: Laboratory Analytical Instruments
FDX,FedEx Corporation,Transportation,Air Freight/Delivery Services
FCX,"Freeport-McMoran, Inc.",Basic Industries,Precious Metals
FCS,"Fairchild Semiconductor International, Inc.",Technology,Semiconductors
FCG,#N/A,ETF,ETF
FCFS,"First Cash Financial Services, Inc.",Consumer Services,Other Specialty Stores
FB,"Facebook, Inc.",Technology,Computer Software
FAZ,#N/A,ETF,ETF
FAST,Fastenal Company,Consumer Services,RETAIL: Building Materials
FAS,#N/A,ETF,ETF
F,Ford Motor Company,Capital Goods,Auto Manufacturing
EZU,#N/A,ETF,ETF
EXXI,Energy XXI Ltd.,Energy,Oil & Gas Production
FE,FirstEnergy Corporation,Public Utilities,Electric Utilities: Central
GFF,Griffon Corporation,Capital Goods,Building Products
FMC,FMC Corporation,Basic Industries,Major Chemicals
GCI,TEGNA Inc.,Consumer Services,Newspapers/Magazines
GCO,Genesco Inc.,Consumer Services,Clothing/Shoe/Accessory Stores
GD,General Dynamics Corporation,Capital Goods,Marine Transportation
GDX,Gold vector,ETF,Gold
GDXJ,Gold Miners Junior,ETF,Gold
GE,General Electric Company,Energy,Consumer Electronics/Appliances
GASL,#N/A,ETF,ETF
GES,"Guess?, Inc.",Consumer Non-Durables,Apparel
GAIA,"Gaiam, Inc.",Consumer Services,Movies/Entertainment
GG,Goldcorp Inc.,Basic Industries,Precious Metals
GHL,"Greenhill & Co., Inc.",Finance,Investment Bankers/Brokers/Service
GHM,Graham Corporation,Technology,Industrial Machinery/Components
GIII,"G-III Apparel Group, LTD.",Consumer Non-Durables,Apparel
GILD,"Gilead Sciences, Inc.",Health Care,Biotechnology: Biological Products (No Diagnostic Substances)
GIS,"General Mills, Inc.",Consumer Non-Durables,Packaged Foods
GLD,#N/A,ETF,ETF
GLDD,Great Lakes Dredge & Dock Corporation,Basic Industries,Military/Government/Technical
GEF,Greif Bros. Corporation,Capital Goods,n/a
FSLR,"First Solar, Inc.",Technology,Semiconductors
FLIR,"FLIR Systems, Inc.",Capital Goods,Industrial Machinery/Components
FLR,Fluor Corporation,Basic Industries,Military/Government/Technical
FLS,Flowserve Corporation,Capital Goods,Fluid Controls
FLY,Fly Leasing Limited,Consumer Services,n/a
EXTR,"Extreme Networks, Inc.",Technology,Computer Communications Equipment
FMX,Fomento Economico Mexicano S.A.B. de C.V.,Consumer Non-Durables,Beverages (Production/Distribution)
ETFC,E*TRADE Financial Corporation,Finance,Savings Institutions
GBX,"Greenbrier Companies, Inc. (The)",Capital Goods,Railroads
FOSL,"Fossil Group, Inc.",Consumer Non-Durables,Consumer Specialties
FLEX,Flextronics International Ltd.,Technology,Electrical Products
FSM,Fortuna Silver Mines Inc.,Basic Industries,Precious Metals
FSTR,L.B. Foster Company,Basic Industries,Metal Fabrications
FTI,"FMC Technologies, Inc.",Energy,Metal Fabrications
FTNT,"Fortinet, Inc.",Technology,Computer peripheral equipment
FTR,Frontier Communications Corporation,Public Utilities,Telecommunications Equipment
FUN,"Cedar Fair, L.P.",Consumer Services,Services-Misc. Amusement & Recreation
FWDI,#N/A,ETF,ETF
FXI,#N/A,ETF,ETF
FOR,Forestar Group Inc,Finance,Real Estate
DY,"Dycom Industries, Inc.",Basic Industries,Water Supply
DUK,Duke Energy Corporation,Public Utilities,Power Generation
DV,DeVry Education Group Inc.,Consumer Services,Other Consumer Services
DVA,DaVita healthCare Partners Inc.,Health Care,Hospital/Nursing Management
DVN,Devon Energy Corporation,Energy,Oil & Gas Production
DVY,#N/A,ETF,ETF
DW,Drew Industries Incorporated,Capital Goods,Auto Parts:O.E.M.
ECPG,Encore Capital Group Inc,Finance,Finance Companies
DXR,Daxor Corporation,Health Care,Medical/Dental Instruments
DTE,DTE Energy Company,Public Utilities,Electric Utilities: Central
DZK,#N/A,ETF,ETF
DZZ,#N/A,ETF,ETF
EA,Electronic Arts Inc.,Technology,Computer Software
EBAY,eBay Inc.,Consumer Services,Business Services
EBF,"Ennis, Inc.",Consumer Services,Office Equipment/Supplies/Services
EBIX,"Ebix, Inc.",Technology,EDP Services
ETN,"Eaton Corporation, PLC",Technology,Industrial Machinery/Components
DWTI,#N/A,ETF,ETF
DPS,"Dr Pepper Snapple Group, Inc",Consumer Non-Durables,Beverages (Production/Distribution)
DLX,Deluxe Corporation,Consumer Durables,Publishing
DNB,Dun & Bradstreet Corporation (The),Finance,Finance: Consumer Services
DNKN,"Dunkin&#39; Brands Group, Inc.",Consumer Services,Restaurants
DNR,Denbury Resources Inc.,Energy,Oil & Gas Production
DO,"Diamond Offshore Drilling, Inc.",Energy,Oil & Gas Production
DOG,#N/A,ETF,ETF
DOV,Dover Corporation,Technology,Industrial Machinery/Components
DUG,#N/A,ETF,ETF
DPK,#N/A,ETF,ETF
DTO,#N/A,ETF,Oil
DRI,"Darden Restaurants, Inc.",Consumer Services,Restaurants
DRN,#N/A,ETF,ETF
DRV,#N/A,ETF,ETF
DRW,#N/A,ETF,ETF
DRYS,DryShips Inc.,Transportation,Marine Transportation
DST,"DST Systems, Inc.",Technology,EDP Services
ED,Consolidated Edison Inc,Public Utilities,Power Generation
DOW,Dow Chemical Company (The),Basic Industries,Major Chemicals
ESRX,Express Scripts Holding Company,Health Care,Medical/Nursing Services
EPR,EPR Properties,Consumer Services,Real Estate Investment Trusts
EQIX,"Equinix, Inc.",Public Utilities,Telecommunications Equipment
EQR,Equity Residential,Consumer Services,Real Estate Investment Trusts
EQT,EQT Corporation,Energy,Oil & Gas Production
ERX,#N/A,ETF,ETF
ERY,#N/A,ETF,ETF
ECL,Ecolab Inc.,Basic Industries,Package Goods/Cosmetics
ESL,Esterline Technologies Corporation,Capital Goods,Industrial Machinery/Components
ENS,Enersys,Consumer Non-Durables,Telecommunications Equipment
GOL,Gol Linhas Aereas Inteligentes S.A.,Transportation,Air Freight/Delivery Services
ETM,Entercom Communications Corporation,Consumer Services,Broadcasting
GLF,"GulfMark Offshore, Inc.",Energy,Metal Fabrications
ETR,Entergy Corporation,Public Utilities,Electric Utilities: Central
EXC,Exelon Corporation,Public Utilities,Power Generation
EXK,Endeavour Silver Corporation,Basic Industries,Precious Metals
EXPD,"Expeditors International of Washington, Inc.",Transportation,Oil Refining/Marketing
ESGR,Enstar Group Limited,Finance,Property-Casualty Insurers
EIX,Edison International,Public Utilities,Electric Utilities: Central
EDC,#N/A,ETF,ETF
EDZ,#N/A,ETF,ETF
EEFT,"Euronet Worldwide, Inc.",Finance,Investment Bankers/Brokers/Service
EEM,#N/A,ETF,ETF
EET,#N/A,ETF,ETF
EEV,#N/A,ETF,ETF
EFO,#N/A,ETF,ETF
EOG,"EOG Resources, Inc.",Energy,Oil & Gas Production
EGAS,Gas Natural Inc.,Public Utilities,Oil/Gas Transmission
ENTG,"Entegris, Inc.",Consumer Non-Durables,Plastic Products
EJ,E-House (China) Holdings Limited,Finance,Real Estate
EL,"Estee Lauder Companies, Inc. (The)",Consumer Non-Durables,Package Goods/Cosmetics
EMC,EMC Corporation,Technology,Electronic Components
EMN,Eastman Chemical Company,Basic Industries,Major Chemicals
EMR,Emerson Electric Company,Energy,Consumer Electronics/Appliances
ENR,"Energizer Holdings, Inc.",Miscellaneous,Industrial Machinery/Components
EXPE,"Expedia, Inc.",Consumer Services,Transportation Services
EFX,"Equifax, Inc.",Finance,Finance: Consumer Services
INTU,Intuit Inc.,Technology,Computer Software
IRM,Iron Mountain Incorporated,Consumer Services,Real Estate Investment Trusts
IMKTA,"Ingles Markets, Incorporated",Consumer Services,Food Chains
IMMR,Immersion Corporation,Technology,Computer peripheral equipment
INCY,Incyte Corporation,Health Care,Biotechnology: Commercial Physical & Biological Resarch
INDL,#N/A,ETF,India
INFY,Infosys Limited,Technology,EDP Services
IM,Ingram Micro Inc.,Technology,Retail: Computer Software & Peripheral Equipment
INTL,INTL FCStone Inc.,Finance,Investment Bankers/Brokers/Service
ILF,#N/A,ETF,ETF
INWK,"InnerWorkings, Inc.",Consumer Durables,Containers/Packaging
IO,Ion Geophysical Corporation,Energy,Oil & Gas Production
IOIL,#N/A,ETF,ETF
IP,International Paper Company,Basic Industries,Paper
IPG,"Interpublic Group of Companies, Inc. (The)",Technology,Advertising
IPHS,"Innophos Holdings, Inc.",Consumer Durables,Specialty Chemicals
GNTX,Gentex Corporation,Capital Goods,Auto Parts:O.E.M.
INTC,Intel Corporation,Technology,Semiconductors
IDV,#N/A,ETF,ETF
IBN,ICICI Bank Limited,Finance,Commercial Banks
ICA,Empresas Ica Soc Contrladora,Basic Industries,Military/Government/Technical
ICE,Intercontinental Exchange Inc.,Finance,Investment Bankers/Brokers/Service
ICON,"Iconix Brand Group, Inc.",Consumer Non-Durables,Shoe Manufacturing
ICPT,Intercept Pharmaceuticals,Healthcare,Biotechnology
IDCC,"InterDigital, Inc.",Miscellaneous,Multi-Sector Companies
IMH,"Impac Mortgage Holdings, Inc.",Consumer Services,Real Estate Investment Trusts
IDTI,"Integrated Device Technology, Inc.",Technology,Semiconductors
IRS,IRSA Inversiones Y Representaciones S.A.,Consumer Services,Homebuilding
IEF,#N/A,ETF,ETF
IFF,"Internationa Flavors & Fragrances, Inc.",Basic Industries,Major Chemicals
IFN,"India Fund, Inc. (The)",ETF,n/a
IGT,International Game Technology,Consumer Services,Services-Misc. Amusement & Recreation
IIF,"Morgan Stanley India Investment Fund, Inc.",ETF,n/a
IILG,"Interval Leisure Group, Inc.",Finance,Real Estate
IIVI,II-VI Incorporated,Capital Goods,Electronic Components
IDSA,"Industrial Services of America, Inc.",Basic Industries,Miscellaneous
JNJ,Johnson & Johnson,Health Care,Major Pharmaceuticals
IPXL,"Impax Laboratories, Inc.",Health Care,Major Pharmaceuticals
JBLU,Jet Blue,Transportation,Airlines
JCI,"Johnson Controls, Inc.",Consumer Durables,Industrial Specialties
JCP,"J.C. Penney Company, Inc. Holding Company",Consumer Services,Department/Specialty Retail Stores
JD,JD.com,Technology,Computer Software
JEC,Jacobs Engineering Group Inc.,Basic Industries,Military/Government/Technical
JAH,Jarden Corporation,Consumer Durables,Consumer Specialties
JJG,#N/A,ETF,ETF
IYW,#N/A,ETF,ETF
JNK,#N/A,ETF,ETF
JNPR,"Juniper Networks, Inc.",Technology,Computer Communications Equipment
JNS,"Janus Capital Group, Inc",Finance,Investment Managers
JOY,Joy Global Inc.,Energy,Industrial Machinery/Components
JRJC,China Finance Online Co. Limited,Miscellaneous,Business Services
JST,Jinpan International Limited,Consumer Durables,Electrical Products
JVA,"Coffee Holding Co., Inc.",Consumer Non-Durables,Food Distributors
JHX,James Hardie Industries plc.,Capital Goods,Building Materials
IWF,#N/A,ETF,ETF
ISBC,"Investors Bancorp, Inc.",Finance,Savings Institutions
ISRG,"Intuitive Surgical, Inc.",Health Care,Industrial Specialties
ITC,ITC Holdings Corp.,Public Utilities,Electric Utilities: Central
ITT,ITT Corporation,Capital Goods,Fluid Controls
ITUB,Itau Unibanco Banco Holding SA,Finance,Major Banks
ITW,Illinois Tool Works Inc.,Technology,Industrial Machinery/Components
JBL,"Jabil Circuit, Inc.",Technology,Electrical Products
IVZ,Invesco Plc,Finance,Investment Managers
IAU,#N/A,ETF,ETF
IWM,#N/A,ETF,ETF
IX,Orix Corp Ads,Finance,Diversified Financial Services
IXG,#N/A,ETF,ETF
IYC,#N/A,ETF,ETF
IYF,#N/A,ETF,ETF
IYG,#N/A,ETF,ETF
IYT,#N/A,ETF,ETF
IVR,INVESCO MORTGAGE CAPITAL INC,Consumer Services,Real Estate Investment Trusts
GTLS,"Chart Industries, Inc.",Capital Goods,Metal Fabrications
IBM,International Business Machines Corporation,Technology,Computer Manufacturing
GRA,W.R. Grace & Co.,Basic Industries,Major Chemicals
GRN,#N/A,ETF,Carbon
GROW,"U.S. Global Investors, Inc.",Finance,Investment Managers
GS,"Goldman Sachs Group, Inc. (The)",Finance,Investment Bankers/Brokers/Service
GSBC,"Great Southern Bancorp, Inc.",Finance,Major Banks
GPRE,"Green Plains, Inc.",Basic Industries,Major Chemicals
GTE,Gran Tierra Energy Inc.,Energy,Oil & Gas Production
GPOR,Gulfport Energy Corporation,Energy,Oil & Gas Production
GURE,"Gulf Resources, Inc.",Basic Industries,Major Chemicals
GWR,"Genesee & Wyoming, Inc.",Transportation,Railroads
GWW,"W.W. Grainger, Inc.",Consumer Services,Office Equipment/Supplies/Services
HAL,Halliburton Company,Energy,Oilfield Services/Equipment
HAR,"Harman International Industries, Incorporated",Consumer Non-Durables,Consumer Electronics/Appliances
HAS,"Hasbro, Inc.",Consumer Non-Durables,Recreational Products/Toys
HBAN,Huntington Bancshares Incorporated,Finance,Major Banks
GT,The Goodyear Tire & Rubber Company,Consumer Durables,Automotive Aftermarket
GNW,Genworth Financial Inc,Finance,Life Insurance
GLNG,Golar LNG Limited,Consumer Services,Marine Transportation
GLPW,Global Power Equipment Group Inc,Capital Goods,Metal Fabrications
GLT,Glatfelter,Basic Industries,Paper
GLW,Corning Incorporated,Basic Industries,Telecommunications Equipment
GM,General Motors Company,Capital Goods,Auto Manufacturing
GME,Gamestop Corporation,Consumer Services,Electronics Distribution
GPS,"Gap, Inc. (The)",Consumer Services,Clothing/Shoe/Accessory Stores
DLN,#N/A,ETF,ETF
HCN,"Health Care REIT, Inc.",Consumer Services,Real Estate Investment Trusts
DHI,"D.R. Horton, Inc.",Capital Goods,Homebuilding
GOLD,Rangold resources - Gold Company,Basic Industries,Precious Metals
GOOG,Google Inc.,Technology,Computer Software
GOOGL,Google Inc.,Technology,Computer Software
GPC,Genuine Parts Company,Capital Goods,Automotive Aftermarket
GPI,"Group 1 Automotive, Inc.",Consumer Durables,Automotive Aftermarket
GPK,Graphic Packaging Holding Company,Consumer Durables,Containers/Packaging
GMT,GATX Corporation,Consumer Services,Transportation Services
HUBG,"Hub Group, Inc.",Transportation,Oil Refining/Marketing
HRB,"H&R Block, Inc.",Consumer Services,Other Consumer Services
HRL,Hormel Foods Corporation,Consumer Non-Durables,Meat/Poultry/Fish
HRS,Harris Corporation,Capital Goods,Industrial Machinery/Components
HSNI,"HSN, Inc.",Consumer Services,Other Specialty Stores
HST,"Host Hotels & Resorts, Inc.",Consumer Services,Real Estate Investment Trusts
HSTM,"HealthStream, Inc.",Technology,Computer Software
HBI,Hanesbrands Inc.,Consumer Services,Clothing/Shoe/Accessory Stores
HTZ,"Hertz Global Holdings, Inc",Consumer Services,Rental/Leasing Companies
HP,"Helmerich & Payne, Inc.",Basic Materials,Oil
HUM,Humana Inc.,Health Care,Medical Specialities
HUN,Huntsman Corporation,Basic Industries,Major Chemicals
HWCC,Houston Wire & Cable Company,Consumer Non-Durables,Telecommunications Equipment
HYG,#N/A,ETF,ETF
HZO,"MarineMax, Inc.",Consumer Services,Other Specialty Stores
IAG,Iamgold Corporation,Basic Industries,Precious Metals
GLL,#N/A,ETF,ETF
HSY,Hershey Company (The),Consumer Non-Durables,Specialty Foods
HLF,Herbalife LTD.,Health Care,Other Pharmaceuticals
IBA,"Industrias Bachoco, S.A. de C.V.",Consumer Non-Durables,Meat/Poultry/Fish
HCP,"HCP, Inc.",Consumer Services,Real Estate Investment Trusts
HD,"Home Depot, Inc. (The)",Consumer Services,RETAIL: Building Materials
HDB,HDFC Bank Limited,Finance,Commercial Banks
HF,"HFF, Inc.",Consumer Services,Real Estate
HGG,"HHGregg, Inc.",Consumer Services,Consumer Electronics/Video Chains
HIBB,"Hibbett Sports, Inc.",Consumer Services,Other Specialty Stores
HPT,Hospitality Properites Trust,Consumer Services,Real Estate Investment Trusts
HL,Hecla Mining Company,Basic Industries,Mining & Quarrying of Nonmetallic Minerals (No Fuels)
HPQ,Hewlett-Packard Company,Technology,Computer Manufacturing
HLS,HealthSouth Corporation,Health Care,Hospital/Nursing Management
HLX,"Helix Energy Solutions Group, Inc.",Energy,Oilfield Services/Equipment
HMIN,Homeinns Hotel Group,Consumer Services,Hotels/Resorts
HOG,"Harley-Davidson, Inc.",Consumer Non-Durables,Motor Vehicles
HON,Honeywell International Inc.,Capital Goods,Auto Parts:O.E.M.
HOT,"Starwood Hotels & Resorts Worldwide, Inc.",Consumer Services,Hotels/Resorts
HCI,"HCI Group, Inc.",Finance,Property-Casualty Insurers
HIG,"Hartford Financial Services Group, Inc. (The)",Finance,Property-Casualty Insurers
AYR,Aircastle Limited,Technology,Diversified Commercial Services
BKOR,#N/A,ETF,ETF
AVB,"AvalonBay Communities, Inc.",Consumer Services,Real Estate Investment Trusts
AVP,"Avon Products, Inc.",Consumer Non-Durables,Package Goods/Cosmetics
AVY,Avery Dennison Corporation,Consumer Durables,Containers/Packaging
AWI,Armstrong World Industries Inc,Consumer Non-Durables,Plastic Products
AXE,Anixter International Inc.,Consumer Non-Durables,Telecommunications Equipment
ATU,Actuant Corporation,Technology,Industrial Machinery/Components
AYI,Acuity Brands Inc,Consumer Durables,Building Products
ATSG,"Air Transport Services Group, Inc",Transportation,Air Freight/Delivery Services
AZN,Astrazeneca PLC,Health Care,Major Pharmaceuticals
AZO,"AutoZone, Inc.",Consumer Services,Other Specialty Stores
B,"Barnes Group, Inc.",Capital Goods,Metal Fabrications
BA,Boeing Company (The),Capital Goods,Aerospace
BAL,#N/A,ETF,ETF
BAM,Brookfield Asset Management Inc,Consumer Services,Building operators
BAP,Credicorp Ltd.,Finance,Commercial Banks
AXP,American Express Company,Finance,Finance: Consumer Services
ASGN,"On Assignment, Inc.",Technology,Professional Services
APD,"Air Products and Chemicals, Inc.",Basic Industries,Major Chemicals
APH,Amphenol Corporation,Capital Goods,Electrical Products
APOL,"Apollo Education Group, Inc.",Consumer Services,Other Consumer Services
ARCC,Ares Capital Corporation,Finance,Asset Management
ARG,"Airgas, Inc.",Capital Goods,Industrial Machinery/Components
ARLP,"Alliance Resource Partners, L.P.",Energy,Coal Mining
ATVI,"Activision Blizzard, Inc",Technology,Computer Software
ARW,"Arrow Electronics, Inc.",Consumer Non-Durables,Electronic Components
BBL,BHP Billiton plc,Energy,Coal Mining
ASH,Ashland Inc.,Consumer Durables,Specialty Chemicals
ASNA,"Ascena Retail Group, Inc.",Consumer Services,Clothing/Shoe/Accessory Stores
ASX,"Advanced Semiconductor Engineering, Inc.",Technology,Semiconductors
ATHN,athenahealth,Technology,Computer Software
ATI,Allegheny Technologies Incorporated,Basic Industries,Steel/Iron Ore
ATLS,"Atlas Energy, L.P.",Energy,Oil & Gas Production
ATML,Atmel Corporation,Technology,Semiconductors
ARRS,"ARRIS Group, Inc.",Technology,Radio And Television Broadcasting And Communications Equipment
BIG,"Big Lots, Inc.",Consumer Services,Department/Specialty Retail Stores
BG,Bunge Limited,Consumer Non-Durables,Packaged Foods
BGC,General Cable Corporation,Basic Industries,Telecommunications Equipment
BH,Biglari Holdings Inc.,Consumer Services,Restaurants
BHI,Baker Hughes Incorporated,Energy,Metal Fabrications
BHP,BHP Billiton Limited,Basic Industries,Precious Metals
BIB,ProShares Ultra Nasdaq Biotechnology,ETF,Biotechnology
BAX,Baxter International Inc.,Health Care,Medical/Dental Instruments
BIDU,"Baidu, Inc.",Technology,Computer Software
BEN,"Franklin Resources, Inc.",Finance,Investment Managers
BIIB,Biogen Inc.,Health Care,Biotechnology: Biological Products (No Diagnostic Substances)
BIO,"Bio-Rad Laboratories, Inc.",Capital Goods,Biotechnology: Laboratory Analytical Instruments
BIOL,"Biolase, Inc.",Health Care,Medical/Dental Instruments
BIOS,"BioScrip, Inc.",Health Care,Medical/Nursing Services
BIS,ProShares UltraShort Nasdaq Biotechnology,ETF,ETF
BK,Bank Of New York Mellon Corporation (The),Finance,Major Banks
DIA,#N/A,ETF,ETF
BID,Sotheby,Miscellaneous,Business Services
BCS,Barclays PLC,Finance,Commercial Banks
AOS,AO Smith,Consumer Goods,Electrical Products
BBOX,Black Box Corporation,Technology,Computer Communications Equipment
BBRY,BlackBerry Limited,Public Utilities,Telecommunications Equipment
BBT,BB&T Corporation,Finance,Major Banks
BBVA,Banco Bilbao Viscaya Argentaria S.A.,Finance,Commercial Banks
BBY,"Best Buy Co., Inc.",Consumer Services,Consumer Electronics/Video Chains
BCE,Bell Canada,Public Utilities,Telecommunications Equipment
BF-B,Brown-Forman Corporation,Consumer Goods,ETF
BCR,"C.R. Bard, Inc.",Health Care,Medical/Dental Instruments
BEZ.L,Beazley,Finance,ETF
BDC,Belden Inc,Basic Industries,Telecommunications Equipment
BDCS,#N/A,ETF,ETF
BDD,#N/A,ETF,ETF
BDX,"Becton, Dickinson and Company",Health Care,Medical/Dental Instruments
BEAV,"B/E Aerospace, Inc.",Consumer Durables,Industrial Specialties
BECN,"Beacon Roofing Supply, Inc.",Consumer Services,RETAIL: Building Materials
BBD,Banco Bradesco Sa,Finance,Major Banks
BCO,Brinks Company (The),Transportation,Oil Refining/Marketing
AES,The AES Corporation,Basic Industries,Electric Utilities: Central
ADSK,"Autodesk, Inc.",Technology,Computer Software
ADTN,"ADTRAN, Inc.",Public Utilities,Telecommunications Equipment
AEE,Ameren Corporation,Public Utilities,Power Generation
AEGN,Aegion Corp,Basic Industries,Water Supply
AEIS,"Advanced Energy Industries, Inc.",Capital Goods,Industrial Machinery/Components
AEL,American Equity Investment Life Holding Company,Finance,Life Insurance
AGU,Agrium Inc.,Basic Industries,Agricultural Chemicals
AER,Aercap Holdings N.V.,Technology,Diversified Commercial Services
ADM,Archer-Daniels-Midland Company,Consumer Non-Durables,Packaged Foods
AET,Aetna Inc.,Health Care,Medical Specialities
AFG,"American Financial Group, Inc.",Finance,Property-Casualty Insurers
AFL,Aflac Incorporated,Finance,Accident &Health Insurance
AG,First Majestic Silver Corp.,Basic Industries,Precious Metals
AGG,Aggregate Bond ETF,ETF,ETF
AGN,Allergan plc.,Health Care,Major Pharmaceuticals
APC,Anadarko Petroleum Corporation,Energy,Oil & Gas Production
AEP,"American Electric Power Company, Inc.",Public Utilities,Electric Utilities: Central
ACET,Aceto Corporation,Health Care,Other Pharmaceuticals
AA,Alcoa Inc.,Capital Goods,Metal Fabrications
AAMC,Altisource Asset Management Corp,Finance,Real Estate
AAPL,Apple Inc.,Technology,Computer Manufacturing
AAWW,Atlas Air Worldwide Holdings,Transportation,Transportation Services
ABB,ABB Ltd,Consumer Durables,Electrical Products
ABC,AmerisourceBergen Corporation (Holding Co),Health Care,Other Pharmaceuticals
ABG,Asbury Automotive Group Inc,Consumer Durables,Automotive Aftermarket
ADS,Alliance Data Systems Corporation,Miscellaneous,Business Services
ABX,Barrick Gold Corporation,Basic Industries,Precious Metals
ADP,"Automatic Data Processing, Inc.",Technology,EDP Services
ACIW,"ACI Worldwide, Inc",Technology,Computer Software
ACTG,Acacia Research Corporation,Miscellaneous,Multi-Sector Companies
ACUR,"Acura Pharmaceuticals, Inc.",Health Care,Major Pharmaceuticals
ACXM,Acxiom Corporation,Technology,EDP Services
ADBE,Adobe Systems Incorporated,Technology,Computer Software
ADI,"Analog Devices, Inc.",Technology,Semiconductors
AGYS,"Agilysys, Inc.",Technology,EDP Services
ABT,Abbott Laboratories,Health Care,Major Pharmaceuticals
AMT,American Tower Corporation (REIT),Consumer Services,Real Estate Investment Trusts
ALR,Alere Inc.,Health Care,Biotechnology: In Vitro & In Vivo Diagnostic Substances
ALTR,Altera Corporation,Technology,Semiconductors
AMAT,"Applied Materials, Inc.",Technology,Semiconductors
AMD,"Advanced Micro Devices, Inc.",Technology,Semiconductors
AMED,Amedisys Inc,Health Care,Medical/Nursing Services
AMG,"Affiliated Managers Group, Inc.",Finance,Investment Managers
AGO,Assured Guaranty Ltd.,Finance,Property-Casualty Insurers
AMP,"AMERIPRISE FINANCIAL SERVICES, INC.",Finance,Investment Managers
ALL,Allstate Corporation (The),Finance,Property-Casualty Insurers
AMZN,"Amazon.com, Inc.",Consumer Services,Catalog/Specialty Distribution
AN,"AutoNation, Inc.",Consumer Durables,Automotive Aftermarket
ANF,Abercrombie & Fitch Company,Consumer Services,Clothing/Shoe/Accessory Stores
ANTM,"Anthem, Inc.",Health Care,Medical Specialities
ANW,Aegean Marine Petroleum Network Inc.,Energy,Oil Refining/Marketing
AON,Aon plc,Finance,Specialty Insurers
BLL,Ball Corporation,Consumer Durables,Containers/Packaging
AMGN,Amgen Inc.,Health Care,Biotechnology: Biological Products (No Diagnostic Substances)
AIXG,Aixtron SE,Technology,Industrial Machinery/Components
AHC,A.H. Belo Corporation,Consumer Services,Newspapers/Magazines
AHS,AMN Healthcare Services Inc,Technology,Professional Services
AI,Arlington Asset Investment Corp,Finance,Finance/Investors Services
AIG,"American International Group, Inc.",Finance,Property-Casualty Insurers
AIMC,Altra Industrial Motion Corp.,Capital Goods,Industrial Machinery/Components
AIN,Albany International Corporation,Basic Industries,Textiles
AIR,AAR Corp.,Capital Goods,Aerospace
ALN,American Lorain Corporation,Consumer Non-Durables,Packaged Foods
AIV,Apartment Investment and Management Company,Consumer Services,Real Estate Investment Trusts
ALLT,Allot Communications Ltd.,Technology,Computer Communications Equipment
AIZ,"Assurant, Inc.",Finance,Accident &Health Insurance
AKAM,"Akamai Technologies, Inc.",Miscellaneous,Business Services
AKS,AK Steel Holding Corporation,Basic Industries,Steel/Iron Ore
ALD,#N/A,ETF,ETF
ALGN,"Align Technology, Inc.",Health Care,Industrial Specialties
ALK,Alaska Air,Consumer Services,Airlines
APA,Apache Corporation,Energy,Oil & Gas Production
AIRM,Air Methods Corporation,Transportation,Transportation Services
CTL,"CenturyLink, Inc.",Public Utilities,Telecommunications Equipment
BKD,Brookdale Senior Living Inc.,Health Care,Hospital/Nursing Management
CSLT,"Castlight Health, inc.",Technology,EDP Services
CSX,CSX Corporation,Transportation,Railroads
CTAS,Cintas Corporation,Consumer Non-Durables,Apparel
CTB,Cooper Tire & Rubber Company,Consumer Durables,Automotive Aftermarket
CTCM,"CTC Media, Inc.",Consumer Services,Broadcasting
CSH,"Cash America International, Inc.",Consumer Services,Other Specialty Stores
CTIC,CTI BioPharma Corp.,Health Care,Major Pharmaceuticals
CSCO,"Cisco Systems, Inc.",Technology,Computer Software
CTRP,"Ctrip.com International, Ltd.",Miscellaneous,Business Services
CTS,CTS Corporation,Technology,Electrical Products
CTSH,Cognizant Technology Solutions Corporation,Technology,EDP Services
CTXS,"Citrix Systems, Inc.",Technology,Computer Software
CUB,Cubic Corporation,Capital Goods,Industrial Machinery/Components
CURE,#N/A,ETF,Healthcare
CVC,Cablevision Systems Corporation,Consumer Services,Television Services
CTG,"Computer Task Group, Incorporated",Technology,EDP Services
CPHD,CEPHEID,Capital Goods,Biotechnology: Laboratory Analytical Instruments
COL,"Rockwell Collins, Inc.",Capital Goods,Military/Government/Technical
COO,"Cooper Companies, Inc. (The)",Health Care,Ophthalmic Goods
COP,ConocoPhillips,Energy,Integrated oil Companies
CORE,"Core-Mark Holding Company, Inc.",Consumer Non-Durables,Food Distributors
COST,Costco Wholesale Corporation,Consumer Services,Department/Specialty Retail Stores
COT,Cott Corporation,Consumer Non-Durables,Beverages (Production/Distribution)
CSIQ,Canadian Solar Inc.,Technology,Semiconductors
CPB,Campbell Soup Company,Consumer Non-Durables,Packaged Foods
CVS,CVS Health Corporation,Health Care,Medical/Nursing Services
CPN,Calpine Corporation,Public Utilities,Electric Utilities: Central
CRM,Salesforce.com Inc,Technology,Computer Software
CRMT,"America&#39;s Car-Mart, Inc.",Consumer Durables,Automotive Aftermarket
CROX,"Crocs, Inc.",Consumer Non-Durables,Shoe Manufacturing
CRUS,"Cirrus Logic, Inc.",Technology,Semiconductors
CS,Credit Suisse Group,Finance,Investment Bankers/Brokers/Service
CSC,Computer Sciences Corporation,Technology,EDP Services
CPA,"Copa Holdings, S.A.",Transportation,Air Freight/Delivery Services
DHR,Danaher Corporation,Capital Goods,Industrial Machinery/Components
DENN,Denny&#39;s Corporation,Consumer Services,Restaurants
DEST,Destination Maternity Corporation,Consumer Services,Clothing/Shoe/Accessory Stores
DF,Dean Foods Company,Consumer Non-Durables,Specialty Foods
DFS,Discover Financial Services,Finance,Finance: Consumer Services
DG,Dollar General Corporation,Consumer Services,Department/Specialty Retail Stores
DGP,Gold Double,ETF,ETF
CVI,CVR Energy Inc.,Energy,Integrated oil Companies
KFY,Korn/Ferry International,Technology,Diversified Commercial Services
DDS,"Dillard&#39;s, Inc.",Consumer Services,Department/Specialty Retail Stores
JWN,"Nordstrom, Inc.",Consumer Services,Clothing/Shoe/Accessory Stores
DIG,#N/A,ETF,ETF
DIN,"DineEquity, Inc",Consumer Services,Restaurants
DIOD,Diodes Incorporated,Technology,Semiconductors
DIS,Walt Disney Company (The),Consumer Services,Television Services
DISH,DISH Network Corporation,Consumer Services,Television Services
DKS,Dick&#39;s Sporting Goods Inc,Consumer Services,Other Specialty Stores
DGX,Quest Diagnostics Incorporated,Health Care,Medical Specialities
DAC,Danaos Corporation,Transportation,Marine Transportation
COG,Cabot Oil & Gas Corporation,Energy,Oil & Gas Production
CVTI,"Covenant Transportation Group, Inc.",Transportation,Trucking Freight/Courier Services
CW,Curtiss-Wright Corporation,Technology,Industrial Machinery/Components
CXO,Concho Resources Inc.,Energy,Oil & Gas Production
CY,Cypress Semiconductor Corporation,Technology,Semiconductors
CYCC,"Cyclacel Pharmaceuticals, Inc.",Health Care,Major Pharmaceuticals
CYD,China Yuchai International Limited,Energy,Industrial Machinery/Components
DECK,Deckers Outdoor Corporation,Consumer Non-Durables,Shoe Manufacturing
D,"Dominion Resources, Inc.",Public Utilities,Electric Utilities: Central
DE,Deere & Company,Capital Goods,Industrial Machinery/Components
DAL,"Delta Air Lines, Inc.",Transportation,Airlines
DAVE,"Famous Dave&#39;s of America, Inc.",Consumer Services,Restaurants
DBA,#N/A,ETF,ETF
DCO,Ducommun Incorporated,Capital Goods,Military/Government/Technical
DD,E.I. du Pont de Nemours and Company,Basic Industries,Major Chemicals
DDD,3D Systems Corporation,Technology,Computer Software
CVOL,#N/A,ETF,ETF
CYH,"Community Health Systems, Inc.",Health Care,Hospital/Nursing Management
CB,Chubb Corporation (The),Finance,Property-Casualty Insurers
CAE,CAE Inc,Miscellaneous,Industrial Machinery/Components
CAG,"ConAgra Foods, Inc.",Consumer Non-Durables,Packaged Foods
CAH,"Cardinal Health, Inc.",Health Care,Other Pharmaceuticals
CAJ,"Canon, Inc.",Miscellaneous,Industrial Machinery/Components
CAM,Cameron International Corporation,Energy,Metal Fabrications
CAR,"Avis Budget Group, Inc.",Consumer Services,Rental/Leasing Companies
CCMP,Cabot Microelectronics Corporation,Technology,Semiconductors
CATM,"Cardtronics, Inc.",Miscellaneous,Business Services
C,Citigroup Inc.,Finance,Major Banks
CBG,"CBRE Group, Inc.",Finance,Real Estate
CBI,Chicago Bridge & Iron Company N.V.,Basic Industries,Engineering & Construction
CBR,"Ciber, Inc.",Technology,EDP Services
CBS,CBS Corporation,Consumer Services,Broadcasting
CCE,"Coca-Cola Enterprises, Inc.",Consumer Non-Durables,Beverages (Production/Distribution)
CCJ,Cameco Corporation,Basic Industries,Precious Metals
COHU,"Cohu, Inc.",Capital Goods,Electrical Products
CAT,"Caterpillar, Inc.",Capital Goods,Construction/Ag Equipment/Trucks
BRCM,Broadcom Corporation,Technology,Semiconductors
BMA,Macro Bank Inc.,Finance,Commercial Banks
BMI,"Badger Meter, Inc.",Capital Goods,Industrial Machinery/Components
BMRN,BioMarin Pharmaceutical Inc.,Health Care,Major Pharmaceuticals
BMS,"Bemis Company, Inc.",Consumer Durables,Containers/Packaging
BMY,Bristol-Myers Squibb Company,Health Care,Major Pharmaceuticals
BOIL,Proshares Natural Gas ETF,ETF,ETF
BOOM,Dynamic Materials Corporation,Capital Goods,Industrial Specialties
CAAS,"China Automotive Systems, Inc.",Capital Goods,Auto Parts:O.E.M.
BPOP,"Popular, Inc.",Finance,Major Banks
CA,CA Inc.,Technology,Computer Software
BSX,Boston Scientific Corporation,Health Care,Medical/Dental Instruments
BT,BT Group plc,Public Utilities,Telecommunications Equipment
BTU,Peabody Energy Corporation,Energy,Coal Mining
BUFF,"Blue Buffalo Pet Products, Inc",Consumer Goods,Food
BWA,BorgWarner Inc.,Capital Goods,Auto Parts:O.E.M.
BXP,"Boston Properties, Inc.",Consumer Services,Real Estate Investment Trusts
CDI,CDI Corporation,Technology,Professional Services
BP,BP p.l.c.,Energy,Integrated oil Companies
CMS,CMS Energy Corporation,Public Utilities,Power Generation
CLH,"Clean Harbors, Inc.",Basic Industries,Environmental Services
CLX,Clorox Company (The),Consumer Durables,Specialty Chemicals
CMA,Comerica Incorporated,Finance,Major Banks
CMCSA,Comcast Corporation,Consumer Services,Television Services
CME,CME Group Inc.,Finance,Investment Bankers/Brokers/Service
CMG,"Chipotle Mexican Grill, Inc.",Consumer Services,Restaurants
CCL,Carnival Corporation,Consumer Services,Marine Transportation
CMPR,Cimpress N.V,Miscellaneous,Publishing
CL,Colgate-Palmolive Company,Consumer Non-Durables,Package Goods/Cosmetics
CNL,Cleco Corporation,Public Utilities,Electric Utilities: Central
CNP,"CenterPoint Energy, Inc.",Public Utilities,Electric Utilities: Central
CNQ,Canadian Natural Resources Limited,Energy,Oil & Gas Production
CNS,Cohn & Steers Inc,Finance,Investment Managers
CNX,CONSOL Energy Inc.,Energy,Coal Mining
COF,Capital One Financial Corporation,Finance,Major Banks
DLB,Dolby Laboratories,Technology,Radio And Television Broadcasting And Communications Equipment
CMI,Cummins Inc.,Energy,Industrial Machinery/Components
CHL,China Mobile (Hong Kong) Ltd.,Public Utilities,Telecommunications Equipment
CE,Celanese Corporation,Basic Industries,Major Chemicals
CEA,China Eastern Airlines Corporation Ltd.,Transportation,Air Freight/Delivery Services
CELG,Celgene Corporation,Health Care,Major Pharmaceuticals
CEO,CNOOC Limited,Energy,Oil & Gas Production
CERS,Cerus Corporation,Health Care,Medical/Dental Instruments
CF,"CF Industries Holdings, Inc.",Basic Industries,Agricultural Chemicals
CGA,"China Green Agriculture, Inc.",Basic Industries,Agricultural Chemicals
CLF,Cliffs Natural Resources Inc.,Basic Industries,Precious Metals
CHK,Chesapeake Energy Corporation,Energy,Oil & Gas Production
CLCT,"Collectors Universe, Inc.",Miscellaneous,Business Services
CHRW,"C.H. Robinson Worldwide, Inc.",Transportation,Oil Refining/Marketing
CI,Cigna Corporation,Health Care,Medical Specialities
CIM,Chimera Investment Corporation,Consumer Services,Real Estate Investment Trusts
CINF,Cincinnati Financial Corporation,Finance,Property-Casualty Insurers
CISG,CNinsure Inc.,Finance,Specialty Insurers
CKP,"Checkpoint Systms, Inc.",Consumer Durables,Telecommunications Equipment
COH,"Coach, Inc.",Consumer Non-Durables,Apparel
CHDN,"Churchill Downs, Incorporated",Consumer Services,Services-Misc. Amusement & Recreation
STT,State Street Corporation,Finance,Major Banks
TMO,Thermo Fisher Scientific Inc,Capital Goods,Industrial Machinery/Components
SSO,#N/A,ETF,ETF
STI,"SunTrust Banks, Inc.",Finance,Major Banks
STJ,"St. Jude Medical, Inc.",Health Care,Biotechnology: Electromedical & Electrotherapeutic Apparatus
STLD,"Steel Dynamics, Inc.",Basic Industries,Steel/Iron Ore
STN,Stantec Inc,Consumer Services,Military/Government/Technical
SSG,#N/A,ETF,ETF
STR,Questar Corporation,Public Utilities,Oil & Gas Production
SRTY,#N/A,ETF,ETF
STX,Seagate Technology.,Technology,Electronic Components
STZ,Constellation Brands Inc,Consumer Non-Durables,Beverages (Production/Distribution)
SU,Suncor Energy  Inc.,Energy,Integrated oil Companies
SVU,SuperValu Inc.,Consumer Services,Food Chains
SVXY,#N/A,ETF,ETF
SWC,Stillwater Mining Company,Basic Industries,Precious Metals
SWK,"Stanley Black & Decker, Inc.",Capital Goods,Industrial Machinery/Components
STO,Statoil ASA,Energy,Integrated oil Companies
SPLS,"Staples, Inc.",Consumer Services,Other Specialty Stores
SNX,Synnex Corporation,Technology,Retail: Computer Software & Peripheral Equipment
SNY,Sanofi,Health Care,Major Pharmaceuticals
SO,Southern Company (The),Public Utilities,Electric Utilities: Central
SORL,"SORL Auto Parts, Inc.",Capital Goods,Auto Parts:O.E.M.
SOXL,#N/A,ETF,ETF
SOXS,#N/A,ETF,ETF
SSL,Sasol Ltd.,Energy,Oil & Gas Production
SPGH,#N/A,ETF,ETF
SYK,Stryker Corporation,Health Care,Medical/Dental Instruments
SPXL,#N/A,ETF,ETF
SPXU,#N/A,ETF,ETF
SPY,SP500 Index,ETF,SP500
SQQQ,ProShares UltraPro Short QQQ,ETF,n/a
SRCL,"Stericycle, Inc.",Basic Industries,Environmental Services
SRE,Sempra Energy,Public Utilities,Natural Gas Distribution
SRS,#N/A,ETF,ETF
SPG,"Simon Property Group, Inc.",Consumer Services,Real Estate Investment Trusts
THO,"Thor Industries, Inc.",Consumer Non-Durables,Homebuilding
TECS,#N/A,ETF,ETF
TEN,Tenneco Inc.,Capital Goods,Auto Parts:O.E.M.
TER,"Teradyne, Inc.",Capital Goods,Electrical Products
TEVA,Teva Pharmaceutical Industries Limited,Health Care,Major Pharmaceuticals
TGI,"Triumph Group, Inc.",Capital Goods,Aerospace
TGS,Transportadora De Gas Sa Ord B,Public Utilities,Natural Gas Distribution
SWN,Southwestern Energy Company,Energy,Oil & Gas Production
THC,Tenet Healthcare Corporation,Health Care,Hospital/Nursing Management
TDY,Teledyne Technologies Incorporated,Capital Goods,Industrial Machinery/Components
TIF,Tiffany & Co.,Consumer Services,Consumer Specialties
TILE,"Interface, Inc.",Consumer Durables,Home Furnishings
TJX,"TJX Companies, Inc. (The)",Consumer Services,Clothing/Shoe/Accessory Stores
TKR,Timken Company (The),Capital Goods,Metal Fabrications
TLT,#N/A,ETF,ETF
TMF,#N/A,ETF,ETF
KEY,KeyCorp,Finance,Major Banks
TGT,Target Corporation,Consumer Services,Department/Specialty Retail Stores
TAST,"Carrols Restaurant Group, Inc.",Consumer Services,Restaurants
SNE,Sony Corp Ord,Consumer Non-Durables,Consumer Electronics/Appliances
SYKE,"Sykes Enterprises, Incorporated",Technology,EDP Services
SYMC,Symantec Corporation,Technology,Computer Software
SYNT,"Syntel, Inc.",Technology,EDP Services
SYUT,"Synutra International, Inc.",Consumer Non-Durables,Packaged Foods
SYX,Systemax Inc.,Consumer Services,Catalog/Specialty Distribution
SYY,Sysco Corporation,Consumer Non-Durables,Food Distributors
TECL,#N/A,ETF,ETF
TAP,Molson Coors Brewing  Company,Consumer Non-Durables,Beverages (Production/Distribution)
TE,"TECO Energy, Inc.",Public Utilities,Electric Utilities: Central
TAYD,"Taylor Devices, Inc.",Capital Goods,Industrial Machinery/Components
TBT,#N/A,ETF,ETF
TCK,Teck Resources Ltd,Basic Industries,Mining & Quarrying of Nonmetallic Minerals (No Fuels)
TD,Toronto Dominion Bank (The),Finance,Commercial Banks
TDC,Teradata Corporation,Technology,Computer Manufacturing
TDW,Tidewater Inc.,Consumer Services,Marine Transportation
SXL,Sunoco Logistics Partners LP,Energy,Natural Gas Distribution
TAL,"TAL International Group, Inc.",Technology,Diversified Commercial Services
SCOR,"comScore, Inc.",Miscellaneous,Business Services
SBND,#N/A,ETF,ETF
SBUX,Starbucks Corporation,Consumer Services,Restaurants
SCC,#N/A,ETF,ETF
SCG,Scana Corporation,Public Utilities,Power Generation
SCHW,The Charles Schwab Corporation,Finance,Investment Bankers/Brokers/Service
SCI,Service Corporation International,Consumer Services,Other Consumer Services
SDS,#N/A,ETF,ETF
SCO,#N/A,ETF,ETF
SB,"Safe Bulkers, Inc",Transportation,Marine Transportation
SCS,Steelcase Inc.,Consumer Durables,Office Equipment/Supplies/Services
SCSS,Select Comfort Corporation,Consumer Durables,Home Furnishings
SCVL,"Shoe Carnival, Inc.",Consumer Services,Clothing/Shoe/Accessory Stores
SDD,#N/A,ETF,ETF
SDOW,#N/A,ETF,ETF
SDP,#N/A,ETF,ETF
SNV,Synovus Financial Corp.,Finance,Major Banks
SCL,Stepan Company,Basic Industries,Package Goods/Cosmetics
RSTI,"Rofin-Sinar Technologies, Inc.",Miscellaneous,Industrial Machinery/Components
ROM,#N/A,ETF,ETF
ROP,"Roper Technologies, Inc.",Capital Goods,Industrial Machinery/Components
ROST,"Ross Stores, Inc.",Consumer Services,Clothing/Shoe/Accessory Stores
ROVI,Rovi Corporation,Miscellaneous,Multi-Sector Companies
RPM,RPM International Inc.,Basic Industries,Paints/Coatings
RRC,Range Resources Corporation,Energy,Oil & Gas Production
RRD,R.R. Donnelley & Sons Company,Miscellaneous,Publishing
SBLK,Star Bulk Carriers Corp.,Transportation,Marine Transportation
RSG,"Republic Services, Inc.",Public Utilities,Environmental Services
SBAC,SBA Communications Corporation,Consumer Services,Telecommunications Equipment
RTN,Raytheon Company,Capital Goods,Industrial Machinery/Components
S,Sprint Corporation,Public Utilities,Telecommunications Equipment
SAA,#N/A,ETF,ETF
SAH,"Sonic Automotive, Inc.",Consumer Durables,Automotive Aftermarket
SAIC,SCIENCE APPLICATIONS INTERNATIONAL CORPORATION,Technology,EDP Services
SAN,"Banco Santander, S.A.",Finance,Commercial Banks
SDT,Sandridge Energy Inc.,Energy,Oil & Gas Production
RS,Reliance Steel & Aluminum Co.,Basic Industries,Metal Fabrications
SMDD,#N/A,ETF,ETF
SKF,#N/A,ETF,ETF
SKX,"Skechers U.S.A., Inc.",Consumer Non-Durables,Shoe Manufacturing
SLAB,"Silicon Laboratories, Inc.",Technology,Semiconductors
SLB,Schlumberger N.V.,Energy,Oilfield Services/Equipment
SLG,SL Green Realty Corporation,Consumer Services,Real Estate Investment Trusts
SLM,SLM Corporation,Finance,Finance: Consumer Services
SDRL,Seadrill Limited,Energy,Oil & Gas Production
SM,SM Energy Company,Energy,Oil & Gas Production
SIRI,Sirius XM Holdings Inc.,Consumer Services,Broadcasting
SMN,#N/A,ETF,ETF
SMP,"Standard Motor Products, Inc.",Capital Goods,Auto Parts:O.E.M.
SMRT,"Stein Mart, Inc.",Consumer Services,Clothing/Shoe/Accessory Stores
SMSMY,#N/A,ETF,ETF
SNA,Snap-On Incorporated,Capital Goods,Industrial Machinery/Components
SNDK,SanDisk Corporation,Technology,Electronic Components
TMV,#N/A,ETF,ETF
SLW,Silver Wheaton Corp,Basic Industries,Precious Metals
SHLD,Sears Holdings Corporation,Consumer Services,Department/Specialty Retail Stores
SDY,#N/A,ETF,ETF
SE,Spectra Energy Corp,Public Utilities,Oil & Gas Production
SEE,Sealed Air Corporation,Basic Industries,Major Chemicals
SEED,Origin Agritech Limited,Consumer Non-Durables,Farming/Seeds/Milling
SEIC,SEI Investments Company,Finance,Investment Bankers/Brokers/Service
SFE,"Safeguard Scientifics, Inc.",Finance,Finance/Investors Services
SFLY,"Shutterfly, Inc.",Miscellaneous,Other Consumer Services
SJM,J.M. Smucker Company (The),Consumer Non-Durables,Packaged Foods
SHG,Shinhan Financial Group Co Ltd,Finance,Major Banks
SIRO,"Sirona Dental Systems, Inc.",Health Care,Medical/Dental Instruments
SHLM,"A. Schulman, Inc.",Basic Industries,Major Chemicals
SHOO,"Steven Madden, Ltd.",Consumer Non-Durables,Shoe Manufacturing
SHW,Sherwin-Williams Company (The),Consumer Services,RETAIL: Building Materials
SIFY,Sify Technologies Limited,Technology,Computer Software
SIJ,#N/A,ETF,ETF
SINA,Sina Corporation,Technology,Computer Software
SNI,"Scripps Networks Interactive, Inc",Consumer Services,Television Services
SFYW,Swift Energy Company,Energy,Oil & Gas Production
WFM,"Whole Foods Market, Inc.",Consumer Services,Food Chains
TMK,Torchmark Corporation,Finance,Life Insurance
WCG,"WellCare Health Plans, Inc.",Health Care,Medical Specialities
WDC,Western Digital Corporation,Technology,Electronic Components
WEB,"Web.com Group, Inc.",Technology,Computer Software
WEC,"WEC Energy Group, Inc.",Public Utilities,Power Generation
WETF,Wisdom Tree,Finance,Asset Management
WAT,Waters Corporation,Capital Goods,Biotechnology: Laboratory Analytical Instruments
WFC,Wells Fargo & Company,Finance,Major Banks
VZ,Verizon Communications Inc.,Public Utilities,Telecommunications Equipment
WG,"Willbros Group, Inc.",Energy,Oilfield Services/Equipment
WHR,Whirlpool Corporation,Consumer Durables,Consumer Electronics/Appliances
WIN,"Windstream Holdings, Inc.",Public Utilities,Telecommunications Equipment
WIT,Wipro Limited,Technology,EDP Services
WLL,Whiting Petroleum Corporation,Energy,Oil & Gas Production
WM,"Waste Management, Inc.",Public Utilities,Environmental Services
WMB,"Williams Companies, Inc. (The)",Public Utilities,Natural Gas Distribution
WF,Woori Bank,Finance,Commercial Banks
VMI,"Valmont Industries, Inc.",Capital Goods,Metal Fabrications
VECO,Veeco Instruments Inc.,Technology,Industrial Machinery/Components
VFC,V.F. Corporation,Consumer Non-Durables,Apparel
VIAV,JDS Uniphase Corporation,Technology,Semiconductors
VIG,#N/A,ETF,ETF
VIIX,VIX Short-Term ETN Velocityshares,Finance,Investment Bankers/Brokers/Service
VIP,VimpelCom Ltd.,Public Utilities,Telecommunications Equipment
WBA,"Walgreens Boots Alliance, Inc.",Health Care,Medical/Nursing Services
VMC,Vulcan Materials Company,Basic Industries,Mining & Quarrying of Nonmetallic Minerals (No Fuels)
WRLD,World Acceptance Corporation,Finance,Finance: Consumer Services
VNDA,Vanda Pharmaceuticals Inc.,Health Care,Major Pharmaceuticals
VNO,Vornado Realty Trust,Consumer Services,Real Estate Investment Trusts
VOXX,VOXX International Corporation,Consumer Non-Durables,Electronic Components
VRSN,"VeriSign, Inc.",Technology,EDP Services
VTR,"Ventas, Inc.",Consumer Services,Real Estate Investment Trusts
VWO,#N/A,ETF,ETF
VXX,#N/A,ETF,ETF
VIXY,#N/A,ETF,ETF
YUM,"Yum! Brands, Inc.",Consumer Services,Restaurants
XME,#N/A,ETF,Metals
XOM,Exxon Mobil Corporation,Energy,Integrated oil Companies
XOP,#N/A,ETF,ETF
XRAY,DENTSPLY International Inc.,Health Care,Medical/Dental Instruments
XRT,Retail,ETF,Retail
XRX,Xerox Corporation,Miscellaneous,Business Services
WNS,WNS (Holdings) Limited,Miscellaneous,Business Services
YHOO,Yahoo! Inc.,Technology,EDP Services
XLNX,"Xilinx, Inc.",Technology,Semiconductors
YZC,Yanzhou Coal Mining Company Limited,Energy,Coal Mining
ZAGG,ZAGG Inc,Consumer Services,Other Specialty Stores
ZINC,Horsehead Holding Corp.,Capital Goods,Metal Fabrications
ZION,Zions Bancorporation,Finance,Major Banks
ZNGA,Zynga Inc.,Technology,EDP Services
ZNH,China Southern Airlines Company Limited,Transportation,Airlines
ZSL,Silver Short,ETF,Silver
YANG,#N/A,ETF,ETF
XCO,EXCO Resources NL,Energy,Oil & Gas Production
VA,Virgin America Inc.,Transportation,Air Freight/Delivery Services
WSM,"Williams-Sonoma, Inc.",Consumer Services,Home Furnishings
WU,Western Union Company (The),Miscellaneous,Business Services
WWD,"Woodward, Inc.",Energy,Industrial Machinery/Components
WWW,"Wolverine World Wide, Inc.",Consumer Non-Durables,Shoe Manufacturing
WY,Weyerhaeuser Company,Consumer Services,Real Estate Investment Trusts
WYN,Wyndham Worldwide Corp,Consumer Services,Hotels/Resorts
XLV,#N/A,ETF,Healthcare
X,United States Steel Corporation,Basic Industries,Steel/Iron Ore
XLU,Utilities,ETF,Utilities
XEL,Xcel Energy Inc.,Public Utilities,Power Generation
XIN,Xinyuan Real Estate Co Ltd,Basic Industries,Homebuilding
XIV,Daily Inverse VIX ST ETN Velocityshares,Finance,Investment Bankers/Brokers/Service
XL,XL Group plc,Finance,Property-Casualty Insurers
XLE,Energy,ETF,Energy
XLK,Tech,ETF,Technology
WR,"Westar Energy, Inc.",Public Utilities,Power Generation
WYNN,"Wynn Resorts, Limited",Consumer Services,Hotels/Resorts
TXT,Textron Inc.,Capital Goods,Aerospace
TVIX,Daily 2X VIX ST ETN Velocityshares,Finance,Investment Bankers/Brokers/Service
TVIZ,Daily 2X VIX Med-Term ETN Velocityshares,Finance,Investment Bankers/Brokers/Service
TWC,Time Warner Cable Inc,Consumer Services,Television Services
TWIN,"Twin Disc, Incorporated",Technology,Industrial Machinery/Components
TWM,Inverse,ETF,ETF
TWX,Time Warner Inc.,Consumer Services,Television Services
UCTT,"Ultra Clean Holdings, Inc.",Technology,Semiconductors
TXN,Texas Instruments Incorporated,Technology,Semiconductors
TTM,Tata Motors Ltd,Capital Goods,Auto Manufacturing
TYBS,#N/A,ETF,ETF
TYC,Tyco International plc,Consumer Services,Other Consumer Services
TYPE,Monotype Imaging Holdings Inc.,Technology,EDP Services
TZA,Inverse ETF,ETF,ETF
TZOO,Travelzoo Inc.,Technology,EDP Services
UAL,"United Continental Holdings, Inc.",Transportation,Air Freight/Delivery Services
VAR,"Varian Medical Systems, Inc.",Health Care,Biotechnology: Electromedical & Electrotherapeutic Apparatus
TX,Ternium S.A.,Basic Industries,Steel/Iron Ore
TRV,"The Travelers Companies, Inc.",Finance,Property-Casualty Insurers
TNA,#N/A,ETF,ETF
TNH,"Terra Nitrogen Company, L.P.",Basic Industries,Agricultural Chemicals
TOL,Toll Brothers Inc.,Capital Goods,Homebuilding
TPC,Tutor Perini Corporation,Basic Industries,General Bldg Contractors - Nonresidential Bldgs
TPX,"Tempur Sealy International, Inc.",Consumer Durables,Home Furnishings
TQQQ,ProShares UltraPro QQQ,ETF,n/a
TRN,"Trinity Industries, Inc.",Capital Goods,Railroads
TUP,Tupperware Brands Corporation,Consumer Non-Durables,Plastic Products
TRS,TriMas Corporation,Capital Goods,Industrial Specialties
TTMI,"TTM Technologies, Inc.",Technology,Electrical Products
TS,Tenaris S.A.,Basic Industries,Steel/Iron Ore
TSL,Trina Solar Limited,Technology,Semiconductors
TSLA,"Tesla Motors, Inc.",Capital Goods,Auto Manufacturing
TSN,"Tyson Foods, Inc.",Consumer Non-Durables,Meat/Poultry/Fish
TSO,Tesoro Corporation,Energy,Integrated oil Companies
TSS,"Total System Services, Inc.",Miscellaneous,Business Services
UDOW,#N/A,ETF,DOW
TROW,"T. Rowe Price Group, Inc.",Finance,Investment Bankers/Brokers/Service
UUP,#N/A,ETF,ETF
URBN,"Urban Outfitters, Inc.",Consumer Services,Clothing/Shoe/Accessory Stores
URTY,#N/A,ETF,ETF
USB,U.S. Bancorp,Finance,Major Banks
USD,#N/A,ETF,ETF
USLV,3X Long Silver ETN Velocityshares,Finance,Investment Bankers/Brokers/Service
USV,#N/A,ETF,ETF
UCO,#N/A,ETF,ETF
UTX,United Technologies Corporation,Capital Goods,Aerospace
UPRO,#N/A,ETF,ETF
UVXY,#N/A,ETF,ETF
UWM,#N/A,ETF,ETF
UWTI,#N/A,ETF,ETF
UXI,#N/A,ETF,ETF
UYG,#N/A,ETF,ETF
UYM,#N/A,ETF,ETF
RMBS,"Rambus, Inc.",Technology,Semiconductors
UTIW,UTi Worldwide Inc.,Transportation,Oil Refining/Marketing
ULTR,Ultrapetrol (Bahamas) Limited,Transportation,Marine Transportation
UEPS,"Net 1 UEPS Technologies, Inc.",Finance,Investment Bankers/Brokers/Service
UFI,"Unifi, Inc.",Consumer Non-Durables,Textiles
UFPI,"Universal Forest Products, Inc.",Basic Industries,Forest Products
UFPT,"UFP Technologies, Inc.",Capital Goods,Containers/Packaging
UFS,Domtar Corporation,Basic Industries,Paper
UGL,Gold,ETF,Gold
UHS,"Universal Health Services, Inc.",Health Care,Hospital/Nursing Management
UPW,#N/A,ETF,ETF
ULTA,"Ulta Salon, Cosmetics & Fragrance, Inc.",Consumer Services,Other Specialty Stores
UPS,"United Parcel Service, Inc.",Transportation,Trucking Freight/Courier Services
UMDD,#N/A,ETF,ETF
UNG,#N/A,ETF,ETF
UNH,UnitedHealth Group Incorporated,Health Care,Medical Specialities
UNM,Unum Group,Finance,Accident &Health Insurance
UNP,Union Pacific Corporation,Transportation,Railroads
UPL,Ultra Petroleum Corp.,Energy,Oil & Gas Production
VALE,VALE S.A.,Basic Industries,Precious Metals
UJB,#N/A,ETF,ETF
MKC,"McCormick & Company, Incorporated",Consumer Non-Durables,Packaged Foods
ROK,"Rockwell Automation, Inc.",Capital Goods,Industrial Machinery/Components
MFG,"Mizuho Financial Group, Inc.",Finance,Major Banks
MG,Mistras Group Inc,Consumer Services,Military/Government/Technical
MGT,MGT Capital Investments Inc,Miscellaneous,Multi-Sector Companies
MHFI,"McGraw Hill Financial, Inc.",Finance,Finance: Consumer Services
MIC,Macquarie Infrastructure Company,Energy,Oil Refining/Marketing
MET,"MetLife, Inc.",Finance,Life Insurance
MJN,Mead Johnson Nutrition Company,Consumer Non-Durables,Packaged Foods
MELI,"MercadoLibre, Inc.",Miscellaneous,Business Services
MKSI,"MKS Instruments, Inc.",Capital Goods,Industrial Machinery/Components
MLNK,"ModusLink Global Solutions, Inc",Miscellaneous,Business Services
MMC,"Marsh & McLennan Companies, Inc.",Finance,Specialty Insurers
MMM,3M Company,Health Care,Medical/Dental Instruments
MNST,Monster Beverage Corporation,Consumer Non-Durables,Beverages (Production/Distribution)
MO,Altria Group,Consumer Non-Durables,Farming/Seeds/Milling
MOD,Modine Manufacturing Company,Capital Goods,Auto Parts:O.E.M.
MIDD,The Middleby Corporation,Technology,Industrial Machinery/Components
MDRX,"Allscripts Healthcare Solutions, Inc.",Technology,EDP Services
MCHP,Microchip Technology Incorporated,Technology,Semiconductors
MCK,McKesson Corporation,Health Care,Other Pharmaceuticals
MCO,Moody&#39;s Corporation,Finance,Finance: Consumer Services
MCS,Marcus Corporation (The),Consumer Services,Movies/Entertainment
MD,"Mednax, Inc",Health Care,Hospital/Nursing Management
MDLZ,"Mondelez International, Inc.",Consumer Non-Durables,Packaged Foods
MFC,Manulife Financial Corp,Finance,Life Insurance
MDR,"McDermott International, Inc.",Capital Goods,Metal Fabrications
MORN,"Morningstar, Inc.",Finance,Investment Managers
MDSO,"Medidata Solutions, Inc.",Technology,Computer Software
MDT,Medtronic plc,Health Care,Biotechnology: Electromedical & Electrotherapeutic Apparatus
MDU,"MDU Resources Group, Inc.",Basic Industries,Mining & Quarrying of Nonmetallic Minerals (No Fuels)
MDY,#N/A,ETF,ETF
MED,MEDIFAST INC,Consumer Non-Durables,Packaged Foods
MEI,"Methode Electronics, Inc.",Capital Goods,Electrical Products
MEIP,"MEI Pharma, Inc.",Health Care,Major Pharmaceuticals
MDP,Meredith Corporation,Consumer Services,Newspapers/Magazines
NBR,Nabors Industries Ltd.,Energy,Oil & Gas Production
MVV,#N/A,ETF,ETF
MWW,"Monster Worldwide, Inc.",Technology,Professional Services
MYE,"Myers Industries, Inc.",Consumer Non-Durables,Plastic Products
MYGN,"Myriad Genetics, Inc.",Health Care,Biotechnology: In Vitro & In Vivo Diagnostic Substances
MYL,Mylan N.V.,Health Care,Major Pharmaceuticals
MZZ,#N/A,ETF,ETF
MON,Monsanto Company,Basic Industries,Agricultural Chemicals
NBL,Noble Energy Inc.,Energy,Oil & Gas Production
MTZ,"MasTec, Inc.",Basic Industries,Water Supply
NC,"NACCO Industries, Inc.",Consumer Durables,Consumer Electronics/Appliances
NDAQ,"The NASDAQ OMX Group, Inc.",Finance,Investment Bankers/Brokers/Service
NEE,"NextEra Energy, Inc.",Public Utilities,Electric Utilities: Central
NEM,Newmont Mining Corporation,Basic Industries,Precious Metals
NEWP,Newport Corporation,Capital Goods,Medical Specialities
NEWS,"NewStar Financial, Inc.",Finance,Finance: Consumer Services
NFG,National Fuel Gas Company,Public Utilities,Oil/Gas Transmission
NANO,Nanometrics Incorporated,Capital Goods,Industrial Machinery/Components
MSI,"Motorola Solutions, Inc.",Technology,Radio And Television Broadcasting And Communications Equipment
MBT,Mobile TeleSystems OJSC,Public Utilities,Telecommunications Equipment
MOS,Mosaic Company (The),Basic Industries,Agricultural Chemicals
MRK,"Merck & Company, Inc.",Health Care,Major Pharmaceuticals
MRO,Marathon Oil Corporation,Energy,Oil & Gas Production
MRVL,Marvell Technology Group Ltd.,Technology,Semiconductors
MS,Morgan Stanley,Finance,Investment Bankers/Brokers/Service
MSCC,Microsemi Corporation,Technology,Semiconductors
MUR,Murphy Oil Corporation,Energy,Oil & Gas Production
MSFT,Microsoft Corporation,Technology,Computer Software
MU,"Micron Technology, Inc.",Technology,Semiconductors
MSM,"MSC Industrial Direct Company, Inc.",Capital Goods,Industrial Machinery/Components
MT,ArcelorMittal,Basic Industries,Steel/Iron Ore
MTB,M&T Bank Corporation,Finance,Major Banks
MTL,Mechel OAO,Basic Industries,Steel/Iron Ore
MTN,"Vail Resorts, Inc.",Consumer Services,Services-Misc. Amusement & Recreation
MTRX,Matrix Service Company,Basic Industries,Engineering & Construction
MOO,#N/A,ETF,ETF
MSCI,MSCI Inc,Miscellaneous,Business Services
KTOS,"Kratos Defense & Security Solutions, Inc.",Capital Goods,Military/Government/Technical
KOLD,ProShares UltraShort Bloomberg Natrl Gas,ETF,ETF
KOP,Koppers Holdings Inc.,Basic Industries,Forest Products
KORS,Michael Kors Holdings Limited,Consumer Non-Durables,Apparel
KR,Kroger Company (The),Consumer Services,Food Chains
KRU,#N/A,ETF,ETF
KS,KapStone Paper and Packaging Corporation,Basic Industries,Paper
LBND,#N/A,ETF,ETF
KSU,Kansas City Southern,Transportation,Railroads
KNDI,"Kandi Technologies Group, Inc.",Capital Goods,Auto Manufacturing
KUBTY,Kubota,Capital Goods,ETF
KWR,Quaker Chemical Corporation,Basic Industries,Major Chemicals
KWT,#N/A,ETF,ETF
KYO,Kyocera Corporation,Technology,Semiconductors
L,Loews Corporation,Finance,Property-Casualty Insurers
LAZ,Lazard Ltd.,Finance,Investment Managers
MCF,Contango Oil & Gas Company,Energy,Oil & Gas Production
KSS,Kohl,Consumer Services,Department/Specialty Retail Stores
KIRK,"Kirkland&#39;s, Inc.",Consumer Services,Other Specialty Stores
KAI,Kadant Inc,Technology,Industrial Machinery/Components
KAMN,Kaman Corporation,Consumer Durables,Industrial Specialties
KB,KB Financial Group Inc,Finance,Commercial Banks
KBR,"KBR, Inc.",Basic Industries,Military/Government/Technical
KEG,"Key Energy Services, Inc.",Energy,Oilfield Services/Equipment
A,"Agilent Technologies, Inc.",Capital Goods,Biotechnology: Laboratory Analytical Instruments
KFRC,"Kforce, Inc.",Technology,Professional Services
KO,Coca-Cola Company (The),Consumer Non-Durables,Beverages (Production/Distribution)
KIM,Kimco Realty Corporation,Consumer Services,Real Estate Investment Trusts
KNL,"Knoll, Inc.",Consumer Durables,Office Equipment/Supplies/Services
KKD,"Krispy Kreme Doughnuts, Inc.",Consumer Non-Durables,Food Chains
KLAC,KLA-Tencor Corporation,Capital Goods,Electronic Components
KLIC,"Kulicke and Soffa Industries, Inc.",Technology,Semiconductors
KMB,Kimberly-Clark Corporation,Consumer Durables,Containers/Packaging
KMI,"Kinder Morgan, Inc.",Public Utilities,Natural Gas Distribution
KMX,CarMax Inc,Consumer Durables,Automotive Aftermarket
LBTYA,Liberty Global plc,Consumer Services,Television Services
KHC,The Kraft Heinz Company,Consumer Non-Durables,Packaged Foods
LZB,La-Z-Boy Incorporated,Consumer Durables,Home Furnishings
LQDT,"Liquidity Services, Inc.",Miscellaneous,Business Services
LTL,#N/A,ETF,Telecom
LUK,Leucadia National Corporation,Consumer Non-Durables,Meat/Poultry/Fish
LULU,lululemon athletica inc.,Consumer Non-Durables,Apparel
LUV,Southwest Airlines Company,Transportation,Air Freight/Delivery Services
LUX,"Luxottica Group, S.p.A.",Health Care,Ophthalmic Goods
LB,"L Brands, Inc.",Consumer Services,Clothing/Shoe/Accessory Stores
LXU,Lsb Industries Inc.,Basic Industries,Major Chemicals
LNCE,"Snyder&#39;s-Lance, Inc.",Consumer Non-Durables,Specialty Foods
M,Macys Inc,Consumer Services,Department/Specialty Retail Stores
MA,Mastercard Incorporated,Miscellaneous,Business Services
MAN,ManpowerGroup,Technology,Professional Services
MAR,Marriott International,Consumer Services,Hotels/Resorts
MAS,Masco Corporation,Basic Industries,Forest Products
MBI,"MBIA, Inc.",Finance,Property-Casualty Insurers
NGD,NEW GOLD INC.,Basic Industries,Precious Metals
LXK,"Lexmark International, Inc.",Technology,Computer Manufacturing
LLL,"L-3 Communications Holdings, Inc.",Technology,Radio And Television Broadcasting And Communications Equipment
LBY,"Libbey, Inc.",Capital Goods,Industrial Machinery/Components
LCUT,"Lifetime Brands, Inc.",Capital Goods,Industrial Machinery/Components
LEG,"Leggett & Platt, Incorporated",Consumer Durables,Home Furnishings
LEN,Lennar Corporation,Basic Industries,Homebuilding
LFUS,"Littelfuse, Inc.",Consumer Durables,Electrical Products
LH,Laboratory Corporation of America Holdings,Health Care,Medical Specialities
LIFE,"aTyr Pharma, Inc.",Health Care,Biotechnology: Biological Products (No Diagnostic Substances)
LOW,"Lowe&#39;s Companies, Inc.",Consumer Services,RETAIL: Building Materials
LL,"Lumber Liquidators Holdings, Inc",Consumer Services,RETAIL: Building Materials
LNKD,LinkedIn Corporation,Technology,Computer Software
LLTC,Linear Technology Corporation,Technology,Semiconductors
LLY,Eli Lilly and Company,Health Care,Major Pharmaceuticals
LM,"Legg Mason, Inc.",Finance,Investment Managers
LMCA,Liberty Media Corporation,Consumer Services,Broadcasting
LMT,Lockheed Martin Corporation,Capital Goods,Military/Government/Technical
LNC,Lincoln National Corporation,Finance,Life Insurance
MCD,McDonalds Corporation,Consumer Services,Restaurants
LIOX,"Lionbridge Technologies, Inc.",Miscellaneous,Business Services
PSP,#N/A,ETF,ETF
PRSC,The Providence Service Corporation,Consumer Services,Transportation Services
PRU,"Prudential Financial, Inc.",Finance,Life Insurance
PRXL,PAREXEL International Corporation,Health Care,Biotechnology: Commercial Physical & Biological Resarch
PSA,Public Storage,Consumer Services,Real Estate Investment Trusts
PSCE,PowerShares S&P SmallCap Energy Portfolio,ETF,n/a
PSDV,pSivida Corp.,Capital Goods,Biotechnology: Laboratory Analytical Instruments
QCLN,First Trust NASDAQ Clean Edge Green Energy Index Fund,ETF,n/a
PSMT,"PriceSmart, Inc.",Consumer Services,Department/Specialty Retail Stores
PPL,PPL Corporation,Public Utilities,Electric Utilities: Central
PTR,PetroChina Company Limited,Energy,Oil & Gas Production
PUK,Prudential Public Limited Company,Finance,Life Insurance
PVAH,Penn Virginia Corporation,Energy,Oil & Gas Production
PWR,"Quanta Services, Inc.",Capital Goods,Engineering & Construction
PX,"Praxair, Inc.",Basic Industries,Major Chemicals
PXD,Pioneer Natural Resources Company,Energy,Oil & Gas Production
PHG,Koninklijke Philips N.V.,Energy,Consumer Electronics/Appliances
PSK,#N/A,ETF,ETF
PLD,"ProLogis, Inc.",Consumer Services,Real Estate Investment Trusts
NFLX,"Netflix, Inc.",Consumer Services,Consumer Electronics/Video Chains
PII,Polaris Industries Inc.,Capital Goods,Industrial Specialties
PIR,"Pier 1 Imports, Inc.",Consumer Services,Home Furnishings
PKB,#N/A,ETF,ETF
PKD,Parker Drilling Company,Energy,Oil & Gas Production
PKG,Packaging Corporation of America,Consumer Durables,Containers/Packaging
PKI,"PerkinElmer, Inc.",Capital Goods,Biotechnology: Laboratory Analytical Instruments
PRGS,Progress Software Corporation,Technology,Computer Software
PLAB,"Photronics, Inc.",Technology,Semiconductors
PRAA,"PRA Group, Inc.",Finance,Finance: Consumer Services
PLT,"Plantronics, Inc.",Public Utilities,Telecommunications Equipment
PM,Philip Morris International Inc,Consumer Non-Durables,Farming/Seeds/Milling
POL,PolyOne Corporation,Basic Industries,Major Chemicals
POT,Potash Corporation of Saskatchewan Inc.,Basic Industries,Agricultural Chemicals
POWI,"Power Integrations, Inc.",Technology,Semiconductors
PPG,"PPG Industries, Inc.",Basic Industries,Paints/Coatings
QCOM,QUALCOMM Incorporated,Technology,Radio And Television Broadcasting And Communications Equipment
PKX,POSCO,Basic Industries,Steel/Iron Ore
RGR,"Sturm, Ruger & Company, Inc.",Capital Goods,Ordnance And Accessories
RETL,#N/A,ETF,ETF
REV,"Revlon, Inc.",Consumer Non-Durables,Package Goods/Cosmetics
REW,#N/A,ETF,ETF
REX,REX American Resources Corporation,Basic Industries,Major Chemicals
REXX,Rex Energy Corporation,Energy,Oil & Gas Production
RF,Regions Financial Corporation,Finance,Major Banks
PYPL,"PayPal Holdings, Inc.",Miscellaneous,Business Services
RGLD,"Royal Gold, Inc.",Basic Industries,Precious Metals
RELL,"Richardson Electronics, Ltd.",Consumer Non-Durables,Electronic Components
RHI,Robert Half International Inc.,Technology,Professional Services
RHT,"Red Hat, Inc.",Technology,Computer Software
RICK,"RCI Hospitality Holdings, Inc.",Consumer Services,Restaurants
RIG,Transocean Ltd.,Energy,Oil & Gas Production
RIO,Rio Tinto Plc,Basic Industries,Precious Metals
RL,Ralph Lauren Corporation,Consumer Non-Durables,Apparel
K,Kellogg Company,Consumer Non-Durables,Packaged Foods
RGA,"Reinsurance Group of America, Incorporated",Finance,Life Insurance
RAVN,"Raven Industries, Inc.",Capital Goods,Specialty Chemicals
QID,#N/A,ETF,ETF
QLD,#N/A,ETF,ETF
QLGC,QLogic Corporation,Technology,Computer Communications Equipment
QRVO,Qorvo,Technology,Semiconductors
QSII,"Quality Systems, Inc.",Technology,EDP Services
QTM,Quantum Corporation,Technology,Electronic Components
QVCA,Liberty Interactive Corporation,Consumer Services,Catalog/Specialty Distribution
REMX,#N/A,ETF,ETF
RAI,Reynolds American Inc,Consumer Non-Durables,Farming/Seeds/Milling
REM,#N/A,ETF,ETF
RAX,"Rackspace Hosting, Inc",Technology,Computer Software
RCL,Royal Caribbean Cruises Ltd.,Consumer Services,Marine Transportation
RDC,Rowan Companies plc,Energy,Oil & Gas Production
RDEN,"Elizabeth Arden, Inc.",Consumer Non-Durables,Package Goods/Cosmetics
RDY,Dr. Reddy&#39;s Laboratories Ltd,Health Care,Major Pharmaceuticals
REDF,Rediff.com India Limited,Consumer Services,Newspapers/Magazines
PH,Parker-Hannifin Corporation,Capital Goods,Metal Fabrications
R,"Ryder System, Inc.",Consumer Services,Rental/Leasing Companies
NXST,"Nexstar Broadcasting Group, Inc.",Consumer Services,Broadcasting
NUE,Nucor Corporation,Basic Industries,Steel/Iron Ore
NUGT,Gold Miners 3X,ETF,ETF
NUS,"Nu Skin Enterprises, Inc.",Health Care,Other Pharmaceuticals
NVAX,"Novavax, Inc.",Health Care,Biotechnology: Biological Products (No Diagnostic Substances)
NVDA,NVIDIA Corporation,Technology,Semiconductors
NVS,Novartis AG,Health Care,Major Pharmaceuticals
OFIX,Orthofix International N.V.,Health Care,Medical/Dental Instruments
NWSA,News Corporation,Consumer Services,Newspapers/Magazines
NTES,"NetEase, Inc.",Miscellaneous,Business Services
NYCB,"New York Community Bancorp, Inc.",Finance,Banks
NYNY,"Empire Resorts, Inc.",Consumer Services,Restaurants
NYT,New York Times Company (The),Consumer Services,Newspapers/Magazines
OC,Owens Corning Inc,Capital Goods,Industrial Machinery/Components
OCLR,"Oclaro, Inc.",Technology,Semiconductors
ODP,"Office Depot, Inc.",Consumer Services,Other Specialty Stores
PHM,"PulteGroup, Inc.",Capital Goods,Homebuilding
NWL,Newell Rubbermaid Inc.,Consumer Non-Durables,Plastic Products
NOV,"National Oilwell Varco, Inc.",Energy,Metal Fabrications
ROG,Rogers Corporation,Basic Industries,Major Chemicals
NGS,"Natural Gas Services Group, Inc.",Energy,Oilfield Services/Equipment
NI,"NiSource, Inc",Public Utilities,Power Generation
NIHD,"NII Holdings, Inc.",Public Utilities,Telecommunications Equipment
NKE,"Nike, Inc.",Consumer Non-Durables,Shoe Manufacturing
NM,Navios Maritime Holdings Inc.,Transportation,Marine Transportation
NOC,Northrop Grumman Corporation,Capital Goods,Industrial Machinery/Components
NTWK,NetSol Technologies Inc.,Technology,Computer Software
NOK,Nokia Corporation,Technology,Radio And Television Broadcasting And Communications Equipment
NTRS,Northern Trust Corporation,Finance,Major Banks
NP,"Neenah Paper, Inc.",Basic Industries,Paper
NPK,"National Presto Industries, Inc.",Capital Goods,Ordnance And Accessories
NPO,Enpro Industries,Basic Industries,Metal Fabrications
NRG,"NRG Energy, Inc.",Public Utilities,Electric Utilities: Central
NSC,Norfolk Souther Corporation,Transportation,Railroads
NTAP,"NetApp, Inc.",Technology,Electronic Components
OGXI,OncoGenex Pharmaceuticals Inc.,Health Care,Biotechnology: In Vitro & In Vivo Diagnostic Substances
NOG,"Northern Oil and Gas, Inc.",Energy,Oil & Gas Production
PEGA,Pegasystems Inc.,Technology,EDP Services
OFG,OFG Bancorp,Finance,Major Banks
PCAR,PACCAR Inc.,Capital Goods,Auto Manufacturing
PCG,Pacific Gas & Electric Co.,Public Utilities,Power Generation
PCLN,The Priceline Group Inc. ,Miscellaneous,Business Services
PCMI,"PCM, Inc.",Consumer Services,Catalog/Specialty Distribution
PDCE,"PDC Energy, Inc.",Energy,Oil & Gas Production
PAYX,"Paychex, Inc.",Consumer Services,Diversified Commercial Services
PDS,Precision Drilling Corporation,Energy,Oil & Gas Production
PAY,"Verifone Systems, Inc.",Miscellaneous,Office Equipment/Supplies/Services
PEP,"Pepsico, Inc.",Consumer Non-Durables,Beverages (Production/Distribution)
PERY,Perry Ellis International Inc.,Consumer Non-Durables,Apparel
PFF,#N/A,ETF,ETF
PFG,Principal Financial Group Inc,Finance,Accident &Health Insurance
PFM,#N/A,ETF,ETF
PG,Procter & Gamble Company (The),Basic Industries,Package Goods/Cosmetics
PGR,Progressive Corporation (The),Finance,Property-Casualty Insurers
PDCO,"Patterson Companies, Inc.",Health Care,Medical Specialities
OSK,Oshkosh Corporation,Capital Goods,Auto Manufacturing
OI,"Owens-Illinois, Inc.",Consumer Durables,Containers/Packaging
OIS,"Oil States International, Inc.",Energy,Metal Fabrications
OLN,Olin Corporation,Basic Industries,Major Chemicals
OMC,Omnicom Group Inc.,Technology,Advertising
OMI,"Owens & Minor, Inc.",Health Care,Medical Specialities
OMN,OMNOVA Solutions Inc.,Basic Industries,Specialty Chemicals
OPY,"Oppenheimer Holdings, Inc.",Finance,Investment Bankers/Brokers/Service
PBI,Pitney Bowes Inc.,Miscellaneous,Office Equipment/Supplies/Services
ORN,Orion Marine Group Inc,Basic Industries,Military/Government/Technical
NFX,Newfield Exploration Company,Energy,Oil & Gas Production
OVTI,"OmniVision Technologies, Inc.",Technology,Semiconductors
OXM,"Oxford Industries, Inc.",Consumer Non-Durables,Apparel
OXY,Occidental Petroleum Corporation,Energy,Oil & Gas Production
PAG,"Penske Automotive Group, Inc.",Consumer Durables,Automotive Aftermarket
PALL,Pall Corporation,Capital Goods,Industrial Machinery/Components
PAM,Pampa Energia S.A.,Public Utilities,Electric Utilities: Central
ORLY,"OReilly Automotive, Inc.",Consumer Services,Other Specialty Stores
PCL,"Plum Creek Timber Company, Inc.",Consumer Services,Real Estate Investment Trusts
